,Product Name,Prices,Descriptions,Reviews
0,"vivo T2 Pro 5G (Dune Gold, 256 GB)","₹23,999",8 GB RAM | 256 GB ROM17.22 cm (6.78 inch) Full HD+ Display64MP + 2MP | 16MP Front Camera4600 mAh BatteryDimensity 7200 Processor1 Year Manufacturer Warranty for Phone and 6 Months Warranty for In the Box Accessories,4.5
1,"vivo T2 Pro 5G (New Moon Black, 256 GB)","₹23,999",8 GB RAM | 256 GB ROM17.22 cm (6.78 inch) Full HD+ Display64MP + 2MP | 16MP Front Camera4600 mAh BatteryDimensity 7200 Processor1 Year Manufacturer Warranty for Phone and 6 Months Warranty for In the Box Accessories,4.5
2,"vivo T2 Pro 5G (New Moon Black, 128 GB)","₹22,999",8 GB RAM | 128 GB ROM17.22 cm (6.78 inch) Full HD+ Display64MP + 2MP | 16MP Front Camera4600 mAh BatteryDimensity 7200 Processor1 Year Manufacturer Warranty for Phone and 6 Months Warranty for In the Box Accessories,4.5
3,"Nothing Phone (2a) 5G (Black, 256 GB)","₹27,999",12 GB RAM | 256 GB ROM17.02 cm (6.7 inch) Full HD+ Display50MP (OIS) + 50MP | 32MP Front Camera5000 mAh BatteryDimensity 7200 Pro Processor1 Year Manufacturing Warranty,4.4
4,"Nothing Phone (2a) 5G (White, 256 GB)","₹27,999",12 GB RAM | 256 GB ROM17.02 cm (6.7 inch) Full HD+ Display50MP (OIS) + 50MP | 32MP Front Camera5000 mAh BatteryDimensity 7200 Pro Processor1 Year Manufacturing Warranty,4.4
5,"Nothing Phone (2a) 5G (White, 256 GB)","₹25,999",8 GB RAM | 256 GB ROM17.02 cm (6.7 inch) Full HD+ Display50MP (OIS) + 50MP | 32MP Front Camera5000 mAh BatteryDimensity 7200 Pro Processor1 Year Manufacturing Warranty,4.4
6,"Nothing Phone (2a) 5G (Black, 256 GB)","₹25,999",8 GB RAM | 256 GB ROM17.02 cm (6.7 inch) Full HD+ Display50MP (OIS) + 50MP | 32MP Front Camera5000 mAh BatteryDimensity 7200 Pro Processor1 Year Manufacturing Warranty,4.4
7,"Nothing Phone (2a) 5G (Blue, 256 GB)","₹27,999",12 GB RAM | 256 GB ROM17.02 cm (6.7 inch) Full HD+ Display50MP (OIS) + 50MP | 32MP Front Camera5000 mAh BatteryDimensity 7200 Pro Processor1 Year Manufacturing Warranty,4.4
8,"REDMI Note 13 Pro 5G (Arctic White, 128 GB)","₹21,898",8 GB RAM | 128 GB ROM16.94 cm (6.67 inch) Display200MP (OIS) + 8MP + 2MP | 16MP Front Camera5100 mAh Battery7s Gen 2 Mobile Platform 5G Processor1 Year Manufacturer Warranty for Phone and 6 Months Warranty for In the Box Accessories,4.3
9,"OnePlus Nord CE4 (Celadon Marble, 256 GB)","₹26,955",8 GB RAM | 256 GB ROM17.02 cm (6.7 inch) Display50MP Rear Camera5500 mAh BatteryOxygenOS 14.0 ProcessorDomestic Warranty 1 Year For Handset And 6 month For Accessories.,4.5
10,"realme 12 Pro 5G (Submarine Blue, 256 GB)","₹26,999",8 GB RAM | 256 GB ROM17.02 cm (6.7 inch) Full HD+ Display50MP + 8MP + 32MP | 16MP Front Camera5000 mAh BatterySnapdragon 6 Gen 1 Processor1 Year Manufacturer Warranty for Device and 6 Months Manufacturer Warranty for Inbox Accessories,4.4
11,"realme 12 Pro 5G (Navigator Beige, 256 GB)","₹26,999",8 GB RAM | 256 GB ROM17.02 cm (6.7 inch) Full HD+ Display50MP + 8MP + 32MP | 16MP Front Camera5000 mAh BatterySnapdragon 6 Gen 1 Processor1 Year Manufacturer Warranty for Device and 6 Months Manufacturer Warranty for Inbox Accessories,4.4
12,"REDMI Note 13 Pro 5G (Midnight Black, 128 GB)","₹21,478",8 GB RAM | 128 GB ROM16.94 cm (6.67 inch) Display200MP (OIS) + 8MP + 2MP | 16MP Front Camera5100 mAh Battery7s Gen 2 Mobile Platform 5G Processor1 Year Manufacturer Warranty for Phone and 6 Months Warranty for In the Box Accessories,4.3
13,"OnePlus Nord CE4 (Dark Chrome, 256 GB)","₹26,864",8 GB RAM | 256 GB ROM17.02 cm (6.7 inch) Display50MP Rear Camera5500 mAh BatteryOxygenOS 14.0 ProcessorDomestic Warranty 1 Year For Handset And 6 month For Accessories.,4.5
14,"Nothing Phone (2a) 5G (Blue, 256 GB)","₹25,999",8 GB RAM | 256 GB ROM17.02 cm (6.7 inch) Full HD+ Display50MP (OIS) + 50MP | 32MP Front Camera5000 mAh BatteryDimensity 7200 Pro Processor1 Year Manufacturing Warranty,4.4
15,"OnePlus Nord 3 5G (Misty Green, 128 GB)","₹22,900",8 GB RAM | 128 GB ROM17.12 cm (6.74 inch) Display50MP Rear Camera5000 mAh BatteryDomestic 1 Year of Device & 6 Months for In-Box Accessories,4.3
16,"REDMI Note 13 Pro 5G (Coral Purple, 128 GB)","₹21,847",8 GB RAM | 128 GB ROM16.94 cm (6.67 inch) Display200MP (OIS) + 8MP + 2MP | 16MP Front Camera5100 mAh Battery7s Gen 2 Mobile Platform 5G Processor1 Year Manufacturer Warranty for Phone and 6 Months Warranty for In the Box Accessories,4.3
17,"Infinix GT 20 Pro (Mecha Orange, 256 GB)","₹25,999",12 GB RAM | 256 GB ROM17.22 cm (6.78 inch) Full HD+ Display108MP (OIS) + 2MP + 2MP | 32MP Front Camera5000 mAh BatteryDimensity 8200 Ultimate Processor1 Year Warranty,4.3
18,"Infinix GT 20 Pro (Mecha Blue, 256 GB)","₹25,999",12 GB RAM | 256 GB ROM17.22 cm (6.78 inch) Full HD+ Display108MP (OIS) + 2MP + 2MP | 32MP Front Camera5000 mAh BatteryDimensity 8200 Ultimate Processor1 Year Warranty,4.3
19,"REDMI Note 13 Pro 5G (Arctic White, 256 GB)","₹23,109",8 GB RAM | 256 GB ROM16.94 cm (6.67 inch) Display200MP (OIS) + 8MP + 2MP | 16MP Front Camera5100 mAh Battery7s Gen 2 Mobile Platform 5G Processor1 Year Manufacturer Warranty for Phone and 6 Months Warranty for In the Box Accessories,4.3
20,"realme Narzo 70 Pro 5G (Glass Gold, 256 GB)","₹18,427",8 GB RAM | 256 GB ROM16.94 cm (6.67 inch) Display50MP Rear Camera5000 mAh Battery1 Year Domestic Warranty for Phone and 6 Months Warranty for In-Box Accessories,4.3
21,"POCO F6 5G (Black, 256 GB)","₹29,999",8 GB RAM | 256 GB ROM16.94 cm (6.67 inch) Display50MP (OIS) + 8MP | 20MP Front Camera5000 mAh Battery8s Gen3 Processor1 Year Manufacturer Warranty for Phone and 6 Months Warranty for In the Box Accessories,4.2
22,"realme 12 Pro+ 5G (Explorer Red, 256 GB)","₹28,999",8 GB RAM | 256 GB ROM17.02 cm (6.7 inch) Full HD+ Display50MP + 8MP + 64MP | 32MP Front Camera5000 mAh BatterySnapdragon 7s Gen 2 Processor1 Year Manufacturer Warranty for Device and 6 Months Manufacturer Warranty for Inbox Accessories,4.4
23,"Infinix GT 20 Pro (Mecha Silver, 256 GB)","₹25,999",12 GB RAM | 256 GB ROM17.22 cm (6.78 inch) Full HD+ Display108MP (OIS) + 2MP + 2MP | 32MP Front Camera5000 mAh BatteryDimensity 8200 Ultimate Processor1 Year Warranty,4.3
24,"vivo T2 Pro 5G (Dune Gold, 256 GB)","₹23,999",8 GB RAM | 256 GB ROM17.22 cm (6.78 inch) Full HD+ Display64MP + 2MP | 16MP Front Camera4600 mAh BatteryDimensity 7200 Processor1 Year Manufacturer Warranty for Phone and 6 Months Warranty for In the Box Accessories,4.5
25,"vivo T2 Pro 5G (New Moon Black, 256 GB)","₹23,999",8 GB RAM | 256 GB ROM17.22 cm (6.78 inch) Full HD+ Display64MP + 2MP | 16MP Front Camera4600 mAh BatteryDimensity 7200 Processor1 Year Manufacturer Warranty for Phone and 6 Months Warranty for In the Box Accessories,4.5
26,"vivo T2 Pro 5G (New Moon Black, 128 GB)","₹22,999",8 GB RAM | 128 GB ROM17.22 cm (6.78 inch) Full HD+ Display64MP + 2MP | 16MP Front Camera4600 mAh BatteryDimensity 7200 Processor1 Year Manufacturer Warranty for Phone and 6 Months Warranty for In the Box Accessories,4.5
27,"Nothing Phone (2a) 5G (Black, 256 GB)","₹27,999",12 GB RAM | 256 GB ROM17.02 cm (6.7 inch) Full HD+ Display50MP (OIS) + 50MP | 32MP Front Camera5000 mAh BatteryDimensity 7200 Pro Processor1 Year Manufacturing Warranty,4.4
28,"Nothing Phone (2a) 5G (White, 256 GB)","₹27,999",12 GB RAM | 256 GB ROM17.02 cm (6.7 inch) Full HD+ Display50MP (OIS) + 50MP | 32MP Front Camera5000 mAh BatteryDimensity 7200 Pro Processor1 Year Manufacturing Warranty,4.4
29,"Nothing Phone (2a) 5G (White, 256 GB)","₹25,999",8 GB RAM | 256 GB ROM17.02 cm (6.7 inch) Full HD+ Display50MP (OIS) + 50MP | 32MP Front Camera5000 mAh BatteryDimensity 7200 Pro Processor1 Year Manufacturing Warranty,4.4
30,"Nothing Phone (2a) 5G (Black, 256 GB)","₹25,999",8 GB RAM | 256 GB ROM17.02 cm (6.7 inch) Full HD+ Display50MP (OIS) + 50MP | 32MP Front Camera5000 mAh BatteryDimensity 7200 Pro Processor1 Year Manufacturing Warranty,4.4
31,"Nothing Phone (2a) 5G (Blue, 256 GB)","₹27,999",12 GB RAM | 256 GB ROM17.02 cm (6.7 inch) Full HD+ Display50MP (OIS) + 50MP | 32MP Front Camera5000 mAh BatteryDimensity 7200 Pro Processor1 Year Manufacturing Warranty,4.4
32,"REDMI Note 13 Pro 5G (Arctic White, 128 GB)","₹21,898",8 GB RAM | 128 GB ROM16.94 cm (6.67 inch) Display200MP (OIS) + 8MP + 2MP | 16MP Front Camera5100 mAh Battery7s Gen 2 Mobile Platform 5G Processor1 Year Manufacturer Warranty for Phone and 6 Months Warranty for In the Box Accessories,4.3
33,"OnePlus Nord CE4 (Celadon Marble, 256 GB)","₹26,955",8 GB RAM | 256 GB ROM17.02 cm (6.7 inch) Display50MP Rear Camera5500 mAh BatteryOxygenOS 14.0 ProcessorDomestic Warranty 1 Year For Handset And 6 month For Accessories.,4.5
34,"realme 12 Pro 5G (Submarine Blue, 256 GB)","₹26,999",8 GB RAM | 256 GB ROM17.02 cm (6.7 inch) Full HD+ Display50MP + 8MP + 32MP | 16MP Front Camera5000 mAh BatterySnapdragon 6 Gen 1 Processor1 Year Manufacturer Warranty for Device and 6 Months Manufacturer Warranty for Inbox Accessories,4.4
35,"realme 12 Pro 5G (Navigator Beige, 256 GB)","₹26,999",8 GB RAM | 256 GB ROM17.02 cm (6.7 inch) Full HD+ Display50MP + 8MP + 32MP | 16MP Front Camera5000 mAh BatterySnapdragon 6 Gen 1 Processor1 Year Manufacturer Warranty for Device and 6 Months Manufacturer Warranty for Inbox Accessories,4.4
36,"REDMI Note 13 Pro 5G (Midnight Black, 128 GB)","₹21,478",8 GB RAM | 128 GB ROM16.94 cm (6.67 inch) Display200MP (OIS) + 8MP + 2MP | 16MP Front Camera5100 mAh Battery7s Gen 2 Mobile Platform 5G Processor1 Year Manufacturer Warranty for Phone and 6 Months Warranty for In the Box Accessories,4.3
37,"OnePlus Nord CE4 (Dark Chrome, 256 GB)","₹26,864",8 GB RAM | 256 GB ROM17.02 cm (6.7 inch) Display50MP Rear Camera5500 mAh BatteryOxygenOS 14.0 ProcessorDomestic Warranty 1 Year For Handset And 6 month For Accessories.,4.5
38,"Nothing Phone (2a) 5G (Blue, 256 GB)","₹25,999",8 GB RAM | 256 GB ROM17.02 cm (6.7 inch) Full HD+ Display50MP (OIS) + 50MP | 32MP Front Camera5000 mAh BatteryDimensity 7200 Pro Processor1 Year Manufacturing Warranty,4.4
39,"OnePlus Nord 3 5G (Misty Green, 128 GB)","₹22,900",8 GB RAM | 128 GB ROM17.12 cm (6.74 inch) Display50MP Rear Camera5000 mAh BatteryDomestic 1 Year of Device & 6 Months for In-Box Accessories,4.3
40,"REDMI Note 13 Pro 5G (Coral Purple, 128 GB)","₹21,847",8 GB RAM | 128 GB ROM16.94 cm (6.67 inch) Display200MP (OIS) + 8MP + 2MP | 16MP Front Camera5100 mAh Battery7s Gen 2 Mobile Platform 5G Processor1 Year Manufacturer Warranty for Phone and 6 Months Warranty for In the Box Accessories,4.3
41,"Infinix GT 20 Pro (Mecha Orange, 256 GB)","₹25,999",12 GB RAM | 256 GB ROM17.22 cm (6.78 inch) Full HD+ Display108MP (OIS) + 2MP + 2MP | 32MP Front Camera5000 mAh BatteryDimensity 8200 Ultimate Processor1 Year Warranty,4.3
42,"Infinix GT 20 Pro (Mecha Blue, 256 GB)","₹25,999",12 GB RAM | 256 GB ROM17.22 cm (6.78 inch) Full HD+ Display108MP (OIS) + 2MP + 2MP | 32MP Front Camera5000 mAh BatteryDimensity 8200 Ultimate Processor1 Year Warranty,4.3
43,"REDMI Note 13 Pro 5G (Arctic White, 256 GB)","₹23,109",8 GB RAM | 256 GB ROM16.94 cm (6.67 inch) Display200MP (OIS) + 8MP + 2MP | 16MP Front Camera5100 mAh Battery7s Gen 2 Mobile Platform 5G Processor1 Year Manufacturer Warranty for Phone and 6 Months Warranty for In the Box Accessories,4.3
44,"realme Narzo 70 Pro 5G (Glass Gold, 256 GB)","₹18,427",8 GB RAM | 256 GB ROM16.94 cm (6.67 inch) Display50MP Rear Camera5000 mAh Battery1 Year Domestic Warranty for Phone and 6 Months Warranty for In-Box Accessories,4.3
45,"POCO F6 5G (Black, 256 GB)","₹29,999",8 GB RAM | 256 GB ROM16.94 cm (6.67 inch) Display50MP (OIS) + 8MP | 20MP Front Camera5000 mAh Battery8s Gen3 Processor1 Year Manufacturer Warranty for Phone and 6 Months Warranty for In the Box Accessories,4.2
46,"realme 12 Pro+ 5G (Explorer Red, 256 GB)","₹28,999",8 GB RAM | 256 GB ROM17.02 cm (6.7 inch) Full HD+ Display50MP + 8MP + 64MP | 32MP Front Camera5000 mAh BatterySnapdragon 7s Gen 2 Processor1 Year Manufacturer Warranty for Device and 6 Months Manufacturer Warranty for Inbox Accessories,4.4
47,"Infinix GT 20 Pro (Mecha Silver, 256 GB)","₹25,999",12 GB RAM | 256 GB ROM17.22 cm (6.78 inch) Full HD+ Display108MP (OIS) + 2MP + 2MP | 32MP Front Camera5000 mAh BatteryDimensity 8200 Ultimate Processor1 Year Warranty,4.3
48,"vivo T2 Pro 5G (Dune Gold, 256 GB)","₹23,999",8 GB RAM | 256 GB ROM17.22 cm (6.78 inch) Full HD+ Display64MP + 2MP | 16MP Front Camera4600 mAh BatteryDimensity 7200 Processor1 Year Manufacturer Warranty for Phone and 6 Months Warranty for In the Box Accessories,4.5
49,"vivo T2 Pro 5G (New Moon Black, 256 GB)","₹23,999",8 GB RAM | 256 GB ROM17.22 cm (6.78 inch) Full HD+ Display64MP + 2MP | 16MP Front Camera4600 mAh BatteryDimensity 7200 Processor1 Year Manufacturer Warranty for Phone and 6 Months Warranty for In the Box Accessories,4.5
50,"vivo T2 Pro 5G (New Moon Black, 128 GB)","₹22,999",8 GB RAM | 128 GB ROM17.22 cm (6.78 inch) Full HD+ Display64MP + 2MP | 16MP Front Camera4600 mAh BatteryDimensity 7200 Processor1 Year Manufacturer Warranty for Phone and 6 Months Warranty for In the Box Accessories,4.5
51,"Nothing Phone (2a) 5G (Black, 256 GB)","₹27,999",12 GB RAM | 256 GB ROM17.02 cm (6.7 inch) Full HD+ Display50MP (OIS) + 50MP | 32MP Front Camera5000 mAh BatteryDimensity 7200 Pro Processor1 Year Manufacturing Warranty,4.4
52,"Nothing Phone (2a) 5G (White, 256 GB)","₹27,999",12 GB RAM | 256 GB ROM17.02 cm (6.7 inch) Full HD+ Display50MP (OIS) + 50MP | 32MP Front Camera5000 mAh BatteryDimensity 7200 Pro Processor1 Year Manufacturing Warranty,4.4
53,"Nothing Phone (2a) 5G (White, 256 GB)","₹25,999",8 GB RAM | 256 GB ROM17.02 cm (6.7 inch) Full HD+ Display50MP (OIS) + 50MP | 32MP Front Camera5000 mAh BatteryDimensity 7200 Pro Processor1 Year Manufacturing Warranty,4.4
54,"Nothing Phone (2a) 5G (Black, 256 GB)","₹25,999",8 GB RAM | 256 GB ROM17.02 cm (6.7 inch) Full HD+ Display50MP (OIS) + 50MP | 32MP Front Camera5000 mAh BatteryDimensity 7200 Pro Processor1 Year Manufacturing Warranty,4.4
55,"Nothing Phone (2a) 5G (Blue, 256 GB)","₹27,999",12 GB RAM | 256 GB ROM17.02 cm (6.7 inch) Full HD+ Display50MP (OIS) + 50MP | 32MP Front Camera5000 mAh BatteryDimensity 7200 Pro Processor1 Year Manufacturing Warranty,4.4
56,"REDMI Note 13 Pro 5G (Arctic White, 128 GB)","₹21,898",8 GB RAM | 128 GB ROM16.94 cm (6.67 inch) Display200MP (OIS) + 8MP + 2MP | 16MP Front Camera5100 mAh Battery7s Gen 2 Mobile Platform 5G Processor1 Year Manufacturer Warranty for Phone and 6 Months Warranty for In the Box Accessories,4.3
57,"OnePlus Nord CE4 (Celadon Marble, 256 GB)","₹26,955",8 GB RAM | 256 GB ROM17.02 cm (6.7 inch) Display50MP Rear Camera5500 mAh BatteryOxygenOS 14.0 ProcessorDomestic Warranty 1 Year For Handset And 6 month For Accessories.,4.5
58,"realme 12 Pro 5G (Submarine Blue, 256 GB)","₹26,999",8 GB RAM | 256 GB ROM17.02 cm (6.7 inch) Full HD+ Display50MP + 8MP + 32MP | 16MP Front Camera5000 mAh BatterySnapdragon 6 Gen 1 Processor1 Year Manufacturer Warranty for Device and 6 Months Manufacturer Warranty for Inbox Accessories,4.4
59,"realme 12 Pro 5G (Navigator Beige, 256 GB)","₹26,999",8 GB RAM | 256 GB ROM17.02 cm (6.7 inch) Full HD+ Display50MP + 8MP + 32MP | 16MP Front Camera5000 mAh BatterySnapdragon 6 Gen 1 Processor1 Year Manufacturer Warranty for Device and 6 Months Manufacturer Warranty for Inbox Accessories,4.4
60,"REDMI Note 13 Pro 5G (Midnight Black, 128 GB)","₹21,478",8 GB RAM | 128 GB ROM16.94 cm (6.67 inch) Display200MP (OIS) + 8MP + 2MP | 16MP Front Camera5100 mAh Battery7s Gen 2 Mobile Platform 5G Processor1 Year Manufacturer Warranty for Phone and 6 Months Warranty for In the Box Accessories,4.3
61,"OnePlus Nord CE4 (Dark Chrome, 256 GB)","₹26,864",8 GB RAM | 256 GB ROM17.02 cm (6.7 inch) Display50MP Rear Camera5500 mAh BatteryOxygenOS 14.0 ProcessorDomestic Warranty 1 Year For Handset And 6 month For Accessories.,4.5
62,"Nothing Phone (2a) 5G (Blue, 256 GB)","₹25,999",8 GB RAM | 256 GB ROM17.02 cm (6.7 inch) Full HD+ Display50MP (OIS) + 50MP | 32MP Front Camera5000 mAh BatteryDimensity 7200 Pro Processor1 Year Manufacturing Warranty,4.4
63,"OnePlus Nord 3 5G (Misty Green, 128 GB)","₹22,900",8 GB RAM | 128 GB ROM17.12 cm (6.74 inch) Display50MP Rear Camera5000 mAh BatteryDomestic 1 Year of Device & 6 Months for In-Box Accessories,4.3
64,"REDMI Note 13 Pro 5G (Coral Purple, 128 GB)","₹21,847",8 GB RAM | 128 GB ROM16.94 cm (6.67 inch) Display200MP (OIS) + 8MP + 2MP | 16MP Front Camera5100 mAh Battery7s Gen 2 Mobile Platform 5G Processor1 Year Manufacturer Warranty for Phone and 6 Months Warranty for In the Box Accessories,4.3
65,"Infinix GT 20 Pro (Mecha Orange, 256 GB)","₹25,999",12 GB RAM | 256 GB ROM17.22 cm (6.78 inch) Full HD+ Display108MP (OIS) + 2MP + 2MP | 32MP Front Camera5000 mAh BatteryDimensity 8200 Ultimate Processor1 Year Warranty,4.3
66,"Infinix GT 20 Pro (Mecha Blue, 256 GB)","₹25,999",12 GB RAM | 256 GB ROM17.22 cm (6.78 inch) Full HD+ Display108MP (OIS) + 2MP + 2MP | 32MP Front Camera5000 mAh BatteryDimensity 8200 Ultimate Processor1 Year Warranty,4.3
67,"REDMI Note 13 Pro 5G (Arctic White, 256 GB)","₹23,109",8 GB RAM | 256 GB ROM16.94 cm (6.67 inch) Display200MP (OIS) + 8MP + 2MP | 16MP Front Camera5100 mAh Battery7s Gen 2 Mobile Platform 5G Processor1 Year Manufacturer Warranty for Phone and 6 Months Warranty for In the Box Accessories,4.3
68,"realme Narzo 70 Pro 5G (Glass Gold, 256 GB)","₹18,427",8 GB RAM | 256 GB ROM16.94 cm (6.67 inch) Display50MP Rear Camera5000 mAh Battery1 Year Domestic Warranty for Phone and 6 Months Warranty for In-Box Accessories,4.3
69,"POCO F6 5G (Black, 256 GB)","₹29,999",8 GB RAM | 256 GB ROM16.94 cm (6.67 inch) Display50MP (OIS) + 8MP | 20MP Front Camera5000 mAh Battery8s Gen3 Processor1 Year Manufacturer Warranty for Phone and 6 Months Warranty for In the Box Accessories,4.2
70,"realme 12 Pro+ 5G (Explorer Red, 256 GB)","₹28,999",8 GB RAM | 256 GB ROM17.02 cm (6.7 inch) Full HD+ Display50MP + 8MP + 64MP | 32MP Front Camera5000 mAh BatterySnapdragon 7s Gen 2 Processor1 Year Manufacturer Warranty for Device and 6 Months Manufacturer Warranty for Inbox Accessories,4.4
71,"Infinix GT 20 Pro (Mecha Silver, 256 GB)","₹25,999",12 GB RAM | 256 GB ROM17.22 cm (6.78 inch) Full HD+ Display108MP (OIS) + 2MP + 2MP | 32MP Front Camera5000 mAh BatteryDimensity 8200 Ultimate Processor1 Year Warranty,4.3
72,"vivo T2 Pro 5G (Dune Gold, 256 GB)","₹23,999",8 GB RAM | 256 GB ROM17.22 cm (6.78 inch) Full HD+ Display64MP + 2MP | 16MP Front Camera4600 mAh BatteryDimensity 7200 Processor1 Year Manufacturer Warranty for Phone and 6 Months Warranty for In the Box Accessories,4.5
73,"vivo T2 Pro 5G (New Moon Black, 128 GB)","₹22,999",8 GB RAM | 128 GB ROM17.22 cm (6.78 inch) Full HD+ Display64MP + 2MP | 16MP Front Camera4600 mAh BatteryDimensity 7200 Processor1 Year Manufacturer Warranty for Phone and 6 Months Warranty for In the Box Accessories,4.5
74,"vivo T2 Pro 5G (New Moon Black, 256 GB)","₹23,999",8 GB RAM | 256 GB ROM17.22 cm (6.78 inch) Full HD+ Display64MP + 2MP | 16MP Front Camera4600 mAh BatteryDimensity 7200 Processor1 Year Manufacturer Warranty for Phone and 6 Months Warranty for In the Box Accessories,4.5
75,"Nothing Phone (2a) 5G (White, 256 GB)","₹27,999",12 GB RAM | 256 GB ROM17.02 cm (6.7 inch) Full HD+ Display50MP (OIS) + 50MP | 32MP Front Camera5000 mAh BatteryDimensity 7200 Pro Processor1 Year Manufacturing Warranty,4.4
76,"Nothing Phone (2a) 5G (Black, 256 GB)","₹27,999",12 GB RAM | 256 GB ROM17.02 cm (6.7 inch) Full HD+ Display50MP (OIS) + 50MP | 32MP Front Camera5000 mAh BatteryDimensity 7200 Pro Processor1 Year Manufacturing Warranty,4.4
77,"Nothing Phone (2a) 5G (White, 256 GB)","₹25,999",8 GB RAM | 256 GB ROM17.02 cm (6.7 inch) Full HD+ Display50MP (OIS) + 50MP | 32MP Front Camera5000 mAh BatteryDimensity 7200 Pro Processor1 Year Manufacturing Warranty,4.4
78,"Nothing Phone (2a) 5G (Black, 256 GB)","₹25,999",8 GB RAM | 256 GB ROM17.02 cm (6.7 inch) Full HD+ Display50MP (OIS) + 50MP | 32MP Front Camera5000 mAh BatteryDimensity 7200 Pro Processor1 Year Manufacturing Warranty,4.4
79,"Nothing Phone (2a) 5G (Blue, 256 GB)","₹27,999",12 GB RAM | 256 GB ROM17.02 cm (6.7 inch) Full HD+ Display50MP (OIS) + 50MP | 32MP Front Camera5000 mAh BatteryDimensity 7200 Pro Processor1 Year Manufacturing Warranty,4.4
80,"REDMI Note 13 Pro 5G (Coral Purple, 128 GB)","₹21,999",8 GB RAM | 128 GB ROM16.94 cm (6.67 inch) Display200MP (OIS) + 8MP + 2MP | 16MP Front Camera5100 mAh Battery7s Gen 2 Mobile Platform 5G Processor1 Year Manufacturer Warranty for Phone and 6 Months Warranty for In the Box Accessories,4.3
81,"REDMI Note 13 Pro 5G (Midnight Black, 128 GB)","₹21,479",8 GB RAM | 128 GB ROM16.94 cm (6.67 inch) Display200MP (OIS) + 8MP + 2MP | 16MP Front Camera5100 mAh Battery7s Gen 2 Mobile Platform 5G Processor1 Year Manufacturer Warranty for Phone and 6 Months Warranty for In the Box Accessories,4.3
82,"realme 12 Pro 5G (Submarine Blue, 256 GB)","₹26,999",8 GB RAM | 256 GB ROM17.02 cm (6.7 inch) Full HD+ Display50MP + 8MP + 32MP | 16MP Front Camera5000 mAh BatterySnapdragon 6 Gen 1 Processor1 Year Manufacturer Warranty for Device and 6 Months Manufacturer Warranty for Inbox Accessories,4.4
83,"realme 12 Pro 5G (Navigator Beige, 256 GB)","₹26,999",8 GB RAM | 256 GB ROM17.02 cm (6.7 inch) Full HD+ Display50MP + 8MP + 32MP | 16MP Front Camera5000 mAh BatterySnapdragon 6 Gen 1 Processor1 Year Manufacturer Warranty for Device and 6 Months Manufacturer Warranty for Inbox Accessories,4.4
84,"OnePlus Nord CE4 (Dark Chrome, 256 GB)","₹26,864",8 GB RAM | 256 GB ROM17.02 cm (6.7 inch) Display50MP Rear Camera5500 mAh BatteryOxygenOS 14.0 ProcessorDomestic Warranty 1 Year For Handset And 6 month For Accessories.,4.5
85,"OnePlus Nord CE4 (Celadon Marble, 256 GB)","₹26,955",8 GB RAM | 256 GB ROM17.02 cm (6.7 inch) Display50MP Rear Camera5500 mAh BatteryOxygenOS 14.0 ProcessorDomestic Warranty 1 Year For Handset And 6 month For Accessories.,4.5
86,"REDMI Note 13 Pro 5G (Arctic White, 128 GB)","₹21,898",8 GB RAM | 128 GB ROM16.94 cm (6.67 inch) Display200MP (OIS) + 8MP + 2MP | 16MP Front Camera5100 mAh Battery7s Gen 2 Mobile Platform 5G Processor1 Year Manufacturer Warranty for Phone and 6 Months Warranty for In the Box Accessories,4.3
87,"realme Narzo 70 Pro 5G (Glass Green, 256 GB)","₹18,430",8 GB RAM | 256 GB ROM16.94 cm (6.67 inch) Display50MP Rear Camera5000 mAh Battery1 Year Domestic Warranty for Phone and 6 Months Warranty for In-Box Accessories,4.3
88,"Nothing Phone (2a) 5G (Blue, 256 GB)","₹25,999",8 GB RAM | 256 GB ROM17.02 cm (6.7 inch) Full HD+ Display50MP (OIS) + 50MP | 32MP Front Camera5000 mAh BatteryDimensity 7200 Pro Processor1 Year Manufacturing Warranty,4.4
89,"Infinix GT 20 Pro (Mecha Orange, 256 GB)","₹25,999",12 GB RAM | 256 GB ROM17.22 cm (6.78 inch) Full HD+ Display108MP (OIS) + 2MP + 2MP | 32MP Front Camera5000 mAh BatteryDimensity 8200 Ultimate Processor1 Year Warranty,4.3
90,"Infinix GT 20 Pro (Mecha Blue, 256 GB)","₹25,999",12 GB RAM | 256 GB ROM17.22 cm (6.78 inch) Full HD+ Display108MP (OIS) + 2MP + 2MP | 32MP Front Camera5000 mAh BatteryDimensity 8200 Ultimate Processor1 Year Warranty,4.3
91,"REDMI Note 13 Pro 5G (Arctic White, 256 GB)","₹23,109",8 GB RAM | 256 GB ROM16.94 cm (6.67 inch) Display200MP (OIS) + 8MP + 2MP | 16MP Front Camera5100 mAh Battery7s Gen 2 Mobile Platform 5G Processor1 Year Manufacturer Warranty for Phone and 6 Months Warranty for In the Box Accessories,4.3
92,"OnePlus Nord 3 5G (Misty Green, 128 GB)","₹22,548",8 GB RAM | 128 GB ROM17.12 cm (6.74 inch) Display50MP Rear Camera5000 mAh BatteryDomestic 1 Year of Device & 6 Months for In-Box Accessories,4.3
93,"realme Narzo 70 Pro 5G (Glass Gold, 256 GB)","₹18,427",8 GB RAM | 256 GB ROM16.94 cm (6.67 inch) Display50MP Rear Camera5000 mAh Battery1 Year Domestic Warranty for Phone and 6 Months Warranty for In-Box Accessories,4.3
94,"POCO F6 5G (Black, 256 GB)","₹29,999",8 GB RAM | 256 GB ROM16.94 cm (6.67 inch) Display50MP (OIS) + 8MP | 20MP Front Camera5000 mAh Battery8s Gen3 Processor1 Year Manufacturer Warranty for Phone and 6 Months Warranty for In the Box Accessories,4.2
95,"Honor 90 5G (Emerald Green, 512 GB)","₹29,999",12 GB RAM | 512 GB ROM17.02 cm (6.7 inch) Display200MP Rear Camera5000 mAh Battery1 year manufacturer warranty for handset & 6 months for accessories,4.1
96,"vivo T2 Pro 5G (Dune Gold, 256 GB)","₹23,999",8 GB RAM | 256 GB ROM17.22 cm (6.78 inch) Full HD+ Display64MP + 2MP | 16MP Front Camera4600 mAh BatteryDimensity 7200 Processor1 Year Manufacturer Warranty for Phone and 6 Months Warranty for In the Box Accessories,4.5
97,"vivo T2 Pro 5G (New Moon Black, 128 GB)","₹22,999",8 GB RAM | 128 GB ROM17.22 cm (6.78 inch) Full HD+ Display64MP + 2MP | 16MP Front Camera4600 mAh BatteryDimensity 7200 Processor1 Year Manufacturer Warranty for Phone and 6 Months Warranty for In the Box Accessories,4.5
98,"vivo T2 Pro 5G (New Moon Black, 256 GB)","₹23,999",8 GB RAM | 256 GB ROM17.22 cm (6.78 inch) Full HD+ Display64MP + 2MP | 16MP Front Camera4600 mAh BatteryDimensity 7200 Processor1 Year Manufacturer Warranty for Phone and 6 Months Warranty for In the Box Accessories,4.5
99,"Nothing Phone (2a) 5G (Black, 256 GB)","₹27,999",12 GB RAM | 256 GB ROM17.02 cm (6.7 inch) Full HD+ Display50MP (OIS) + 50MP | 32MP Front Camera5000 mAh BatteryDimensity 7200 Pro Processor1 Year Manufacturing Warranty,4.4
100,"Nothing Phone (2a) 5G (White, 256 GB)","₹27,999",12 GB RAM | 256 GB ROM17.02 cm (6.7 inch) Full HD+ Display50MP (OIS) + 50MP | 32MP Front Camera5000 mAh BatteryDimensity 7200 Pro Processor1 Year Manufacturing Warranty,4.4
101,"Nothing Phone (2a) 5G (Black, 256 GB)","₹25,999",8 GB RAM | 256 GB ROM17.02 cm (6.7 inch) Full HD+ Display50MP (OIS) + 50MP | 32MP Front Camera5000 mAh BatteryDimensity 7200 Pro Processor1 Year Manufacturing Warranty,4.4
102,"Nothing Phone (2a) 5G (White, 256 GB)","₹25,999",8 GB RAM | 256 GB ROM17.02 cm (6.7 inch) Full HD+ Display50MP (OIS) + 50MP | 32MP Front Camera5000 mAh BatteryDimensity 7200 Pro Processor1 Year Manufacturing Warranty,4.4
103,"Nothing Phone (2a) 5G (Blue, 256 GB)","₹27,999",12 GB RAM | 256 GB ROM17.02 cm (6.7 inch) Full HD+ Display50MP (OIS) + 50MP | 32MP Front Camera5000 mAh BatteryDimensity 7200 Pro Processor1 Year Manufacturing Warranty,4.4
104,"REDMI Note 13 Pro 5G (Arctic White, 128 GB)","₹21,898",8 GB RAM | 128 GB ROM16.94 cm (6.67 inch) Display200MP (OIS) + 8MP + 2MP | 16MP Front Camera5100 mAh Battery7s Gen 2 Mobile Platform 5G Processor1 Year Manufacturer Warranty for Phone and 6 Months Warranty for In the Box Accessories,4.3
105,"realme 12 Pro 5G (Navigator Beige, 256 GB)","₹26,999",8 GB RAM | 256 GB ROM17.02 cm (6.7 inch) Full HD+ Display50MP + 8MP + 32MP | 16MP Front Camera5000 mAh BatterySnapdragon 6 Gen 1 Processor1 Year Manufacturer Warranty for Device and 6 Months Manufacturer Warranty for Inbox Accessories,4.4
106,"realme 12 Pro 5G (Submarine Blue, 256 GB)","₹26,999",8 GB RAM | 256 GB ROM17.02 cm (6.7 inch) Full HD+ Display50MP + 8MP + 32MP | 16MP Front Camera5000 mAh BatterySnapdragon 6 Gen 1 Processor1 Year Manufacturer Warranty for Device and 6 Months Manufacturer Warranty for Inbox Accessories,4.4
107,"REDMI Note 13 Pro 5G (Midnight Black, 128 GB)","₹21,478",8 GB RAM | 128 GB ROM16.94 cm (6.67 inch) Display200MP (OIS) + 8MP + 2MP | 16MP Front Camera5100 mAh Battery7s Gen 2 Mobile Platform 5G Processor1 Year Manufacturer Warranty for Phone and 6 Months Warranty for In the Box Accessories,4.3
108,"OnePlus Nord CE4 (Celadon Marble, 256 GB)","₹26,955",8 GB RAM | 256 GB ROM17.02 cm (6.7 inch) Display50MP Rear Camera5500 mAh BatteryOxygenOS 14.0 ProcessorDomestic Warranty 1 Year For Handset And 6 month For Accessories.,4.5
109,"OnePlus Nord CE4 (Dark Chrome, 256 GB)","₹26,864",8 GB RAM | 256 GB ROM17.02 cm (6.7 inch) Display50MP Rear Camera5500 mAh BatteryOxygenOS 14.0 ProcessorDomestic Warranty 1 Year For Handset And 6 month For Accessories.,4.5
110,"OnePlus Nord 3 5G (Tempest Gray, 128 GB)","₹22,717",8 GB RAM | 128 GB ROM17.12 cm (6.74 inch) Full HD+ Display50MP Rear Camera5000 mAh BatteryDomestic 1 Year of Device & 6 Months for In-Box Accessories,4.3
111,"realme Narzo 70 Pro 5G (Glass Green, 256 GB)","₹18,430",8 GB RAM | 256 GB ROM16.94 cm (6.67 inch) Display50MP Rear Camera5000 mAh Battery1 Year Domestic Warranty for Phone and 6 Months Warranty for In-Box Accessories,4.3
112,"REDMI Note 13 Pro 5G (Coral Purple, 128 GB)","₹21,847",8 GB RAM | 128 GB ROM16.94 cm (6.67 inch) Display200MP (OIS) + 8MP + 2MP | 16MP Front Camera5100 mAh Battery7s Gen 2 Mobile Platform 5G Processor1 Year Manufacturer Warranty for Phone and 6 Months Warranty for In the Box Accessories,4.3
113,"Nothing Phone (2a) 5G (Blue, 256 GB)","₹25,999",8 GB RAM | 256 GB ROM17.02 cm (6.7 inch) Full HD+ Display50MP (OIS) + 50MP | 32MP Front Camera5000 mAh BatteryDimensity 7200 Pro Processor1 Year Manufacturing Warranty,4.4
114,"Infinix GT 20 Pro (Mecha Blue, 256 GB)","₹25,999",12 GB RAM | 256 GB ROM17.22 cm (6.78 inch) Full HD+ Display108MP (OIS) + 2MP + 2MP | 32MP Front Camera5000 mAh BatteryDimensity 8200 Ultimate Processor1 Year Warranty,4.3
115,"Infinix GT 20 Pro (Mecha Orange, 256 GB)","₹25,999",12 GB RAM | 256 GB ROM17.22 cm (6.78 inch) Full HD+ Display108MP (OIS) + 2MP + 2MP | 32MP Front Camera5000 mAh BatteryDimensity 8200 Ultimate Processor1 Year Warranty,4.3
116,"OnePlus Nord 3 5G (Misty Green, 128 GB)","₹22,062",8 GB RAM | 128 GB ROM17.12 cm (6.74 inch) Display50MP Rear Camera5000 mAh BatteryDomestic 1 Year of Device & 6 Months for In-Box Accessories,4.3
117,"REDMI Note 13 Pro 5G (Arctic White, 256 GB)","₹23,109",8 GB RAM | 256 GB ROM16.94 cm (6.67 inch) Display200MP (OIS) + 8MP + 2MP | 16MP Front Camera5100 mAh Battery7s Gen 2 Mobile Platform 5G Processor1 Year Manufacturer Warranty for Phone and 6 Months Warranty for In the Box Accessories,4.3
118,"POCO F6 5G (Black, 256 GB)","₹29,999",8 GB RAM | 256 GB ROM16.94 cm (6.67 inch) Display50MP (OIS) + 8MP | 20MP Front Camera5000 mAh Battery8s Gen3 Processor1 Year Manufacturer Warranty for Phone and 6 Months Warranty for In the Box Accessories,4.2
119,"realme Narzo 70 Pro 5G (Glass Gold, 256 GB)","₹18,427",8 GB RAM | 256 GB ROM16.94 cm (6.67 inch) Display50MP Rear Camera5000 mAh Battery1 Year Domestic Warranty for Phone and 6 Months Warranty for In-Box Accessories,4.3
120,"vivo T2 Pro 5G (Dune Gold, 256 GB)","₹23,999",8 GB RAM | 256 GB ROM17.22 cm (6.78 inch) Full HD+ Display64MP + 2MP | 16MP Front Camera4600 mAh BatteryDimensity 7200 Processor1 Year Manufacturer Warranty for Phone and 6 Months Warranty for In the Box Accessories,4.5
121,"vivo T2 Pro 5G (New Moon Black, 256 GB)","₹23,999",8 GB RAM | 256 GB ROM17.22 cm (6.78 inch) Full HD+ Display64MP + 2MP | 16MP Front Camera4600 mAh BatteryDimensity 7200 Processor1 Year Manufacturer Warranty for Phone and 6 Months Warranty for In the Box Accessories,4.5
122,"vivo T2 Pro 5G (New Moon Black, 128 GB)","₹22,999",8 GB RAM | 128 GB ROM17.22 cm (6.78 inch) Full HD+ Display64MP + 2MP | 16MP Front Camera4600 mAh BatteryDimensity 7200 Processor1 Year Manufacturer Warranty for Phone and 6 Months Warranty for In the Box Accessories,4.5
123,"Nothing Phone (2a) 5G (Black, 256 GB)","₹27,999",12 GB RAM | 256 GB ROM17.02 cm (6.7 inch) Full HD+ Display50MP (OIS) + 50MP | 32MP Front Camera5000 mAh BatteryDimensity 7200 Pro Processor1 Year Manufacturing Warranty,4.4
124,"Nothing Phone (2a) 5G (White, 256 GB)","₹27,999",12 GB RAM | 256 GB ROM17.02 cm (6.7 inch) Full HD+ Display50MP (OIS) + 50MP | 32MP Front Camera5000 mAh BatteryDimensity 7200 Pro Processor1 Year Manufacturing Warranty,4.4
125,"Nothing Phone (2a) 5G (White, 256 GB)","₹25,999",8 GB RAM | 256 GB ROM17.02 cm (6.7 inch) Full HD+ Display50MP (OIS) + 50MP | 32MP Front Camera5000 mAh BatteryDimensity 7200 Pro Processor1 Year Manufacturing Warranty,4.4
126,"Nothing Phone (2a) 5G (Black, 256 GB)","₹25,999",8 GB RAM | 256 GB ROM17.02 cm (6.7 inch) Full HD+ Display50MP (OIS) + 50MP | 32MP Front Camera5000 mAh BatteryDimensity 7200 Pro Processor1 Year Manufacturing Warranty,4.4
127,"Nothing Phone (2a) 5G (Blue, 256 GB)","₹27,999",12 GB RAM | 256 GB ROM17.02 cm (6.7 inch) Full HD+ Display50MP (OIS) + 50MP | 32MP Front Camera5000 mAh BatteryDimensity 7200 Pro Processor1 Year Manufacturing Warranty,4.4
128,"REDMI Note 13 Pro 5G (Arctic White, 128 GB)","₹21,898",8 GB RAM | 128 GB ROM16.94 cm (6.67 inch) Display200MP (OIS) + 8MP + 2MP | 16MP Front Camera5100 mAh Battery7s Gen 2 Mobile Platform 5G Processor1 Year Manufacturer Warranty for Phone and 6 Months Warranty for In the Box Accessories,4.3
129,"OnePlus Nord CE4 (Celadon Marble, 256 GB)","₹26,955",8 GB RAM | 256 GB ROM17.02 cm (6.7 inch) Display50MP Rear Camera5500 mAh BatteryOxygenOS 14.0 ProcessorDomestic Warranty 1 Year For Handset And 6 month For Accessories.,4.5
130,"realme 12 Pro 5G (Submarine Blue, 256 GB)","₹26,999",8 GB RAM | 256 GB ROM17.02 cm (6.7 inch) Full HD+ Display50MP + 8MP + 32MP | 16MP Front Camera5000 mAh BatterySnapdragon 6 Gen 1 Processor1 Year Manufacturer Warranty for Device and 6 Months Manufacturer Warranty for Inbox Accessories,4.4
131,"realme 12 Pro 5G (Navigator Beige, 256 GB)","₹26,999",8 GB RAM | 256 GB ROM17.02 cm (6.7 inch) Full HD+ Display50MP + 8MP + 32MP | 16MP Front Camera5000 mAh BatterySnapdragon 6 Gen 1 Processor1 Year Manufacturer Warranty for Device and 6 Months Manufacturer Warranty for Inbox Accessories,4.4
132,"REDMI Note 13 Pro 5G (Midnight Black, 128 GB)","₹21,478",8 GB RAM | 128 GB ROM16.94 cm (6.67 inch) Display200MP (OIS) + 8MP + 2MP | 16MP Front Camera5100 mAh Battery7s Gen 2 Mobile Platform 5G Processor1 Year Manufacturer Warranty for Phone and 6 Months Warranty for In the Box Accessories,4.3
133,"OnePlus Nord CE4 (Dark Chrome, 256 GB)","₹26,864",8 GB RAM | 256 GB ROM17.02 cm (6.7 inch) Display50MP Rear Camera5500 mAh BatteryOxygenOS 14.0 ProcessorDomestic Warranty 1 Year For Handset And 6 month For Accessories.,4.5
134,"Nothing Phone (2a) 5G (Blue, 256 GB)","₹25,999",8 GB RAM | 256 GB ROM17.02 cm (6.7 inch) Full HD+ Display50MP (OIS) + 50MP | 32MP Front Camera5000 mAh BatteryDimensity 7200 Pro Processor1 Year Manufacturing Warranty,4.4
135,"OnePlus Nord 3 5G (Misty Green, 128 GB)","₹22,900",8 GB RAM | 128 GB ROM17.12 cm (6.74 inch) Display50MP Rear Camera5000 mAh BatteryDomestic 1 Year of Device & 6 Months for In-Box Accessories,4.3
136,"REDMI Note 13 Pro 5G (Coral Purple, 128 GB)","₹21,847",8 GB RAM | 128 GB ROM16.94 cm (6.67 inch) Display200MP (OIS) + 8MP + 2MP | 16MP Front Camera5100 mAh Battery7s Gen 2 Mobile Platform 5G Processor1 Year Manufacturer Warranty for Phone and 6 Months Warranty for In the Box Accessories,4.3
137,"Infinix GT 20 Pro (Mecha Orange, 256 GB)","₹25,999",12 GB RAM | 256 GB ROM17.22 cm (6.78 inch) Full HD+ Display108MP (OIS) + 2MP + 2MP | 32MP Front Camera5000 mAh BatteryDimensity 8200 Ultimate Processor1 Year Warranty,4.3
138,"Infinix GT 20 Pro (Mecha Blue, 256 GB)","₹25,999",12 GB RAM | 256 GB ROM17.22 cm (6.78 inch) Full HD+ Display108MP (OIS) + 2MP + 2MP | 32MP Front Camera5000 mAh BatteryDimensity 8200 Ultimate Processor1 Year Warranty,4.3
139,"REDMI Note 13 Pro 5G (Arctic White, 256 GB)","₹23,109",8 GB RAM | 256 GB ROM16.94 cm (6.67 inch) Display200MP (OIS) + 8MP + 2MP | 16MP Front Camera5100 mAh Battery7s Gen 2 Mobile Platform 5G Processor1 Year Manufacturer Warranty for Phone and 6 Months Warranty for In the Box Accessories,4.3
140,"realme Narzo 70 Pro 5G (Glass Gold, 256 GB)","₹18,427",8 GB RAM | 256 GB ROM16.94 cm (6.67 inch) Display50MP Rear Camera5000 mAh Battery1 Year Domestic Warranty for Phone and 6 Months Warranty for In-Box Accessories,4.3
141,"POCO F6 5G (Black, 256 GB)","₹29,999",8 GB RAM | 256 GB ROM16.94 cm (6.67 inch) Display50MP (OIS) + 8MP | 20MP Front Camera5000 mAh Battery8s Gen3 Processor1 Year Manufacturer Warranty for Phone and 6 Months Warranty for In the Box Accessories,4.2
142,"realme 12 Pro+ 5G (Explorer Red, 256 GB)","₹28,999",8 GB RAM | 256 GB ROM17.02 cm (6.7 inch) Full HD+ Display50MP + 8MP + 64MP | 32MP Front Camera5000 mAh BatterySnapdragon 7s Gen 2 Processor1 Year Manufacturer Warranty for Device and 6 Months Manufacturer Warranty for Inbox Accessories,4.4
143,"Infinix GT 20 Pro (Mecha Silver, 256 GB)","₹25,999",12 GB RAM | 256 GB ROM17.22 cm (6.78 inch) Full HD+ Display108MP (OIS) + 2MP + 2MP | 32MP Front Camera5000 mAh BatteryDimensity 8200 Ultimate Processor1 Year Warranty,4.3
